use db_autogenerated;
select * from country;
select * from city;
select * from address;

INSERT INTO country (country_id,country) VALUES 
(1,'Argentina'),
(2,'Brasil'),
(3,'Chile'),
(4,'Colombia'),
(5,'Perú'),
(6,'México'),
(7,'Uruguay'),
(8,'Paraguay'),
(9,'Venezuela'),
(10,'Ecuador'),
(11,'Bolivia'),
(12,'Panamá'),
(13,'Costa Rica'),
(14,'Guatemala'),
(15,'Honduras'),
(16,'El Salvador'),
(17,'Nicaragua'),
(18,'Cuba'),
(19,'República Dominicana'),
(20,'Puerto Rico');

INSERT INTO city (city_id, city, country_country_id) VALUES 
(1,'Buenos Aires', 1),
(2,'Río de Janeiro', 2),
(3,'Santiago', 3),
(4,'Bogotá', 4),
(5,'Lima', 5),
(6,'Ciudad de México', 6),
(7,'Montevideo', 7),
(8,'Asunción', 8),
(9,'Caracas', 9),
(10,'Quito', 10),
(11,'La Paz', 11),
(12,'Ciudad de Panamá', 12),
(13,'San José', 13),
(14,'Ciudad de Guatemala', 14),
(15,'Tegucigalpa', 15),
(16,'San Salvador', 16),
(17,'Managua', 17),
(18,'La Habana', 18),
(19,'Santo Domingo', 19),
(20,'San Juan', 20);

INSERT INTO address (address_id, address, district, postal_code, phone, city_city_id) VALUES 
(1,'Av. Corrientes 1234', 'Centro', '1000', '123456789', 1),
(2,'Av. Atlántica 567', 'Copacabana', '2200', '987654321', 2),
(3,'Calle Las Condes 45', 'Las Condes', '7550000', '234567890', 3),
(4,'Carrera 7 #123', 'Chapinero', '110111', '345678901', 4),
(5,'Av. Arequipa 678', 'Miraflores', '15074', '456789012', 5),
(6,'Av. Insurgentes 890', 'Roma Norte', '67000', '567890123', 6),
(7,'Calle Sarandí 789', 'Centro', '11100', '678901234', 7),
(8,'Av. España 456', 'San Roque', '1209', '789012345', 8),
(9,'Calle 8 #123', 'Chacao', '1010', '890123456', 9),
(10,'Av. Amazonas 123', 'Mariscal Sucre', '170129', '901234567', 10),
(11,'Av. Arce 678', 'Sopocachi', '1201', '234567890', 11),
(12,'Calle 50 #45', 'Bella Vista', '0801', '345678901', 12),
(13,'Av. Central 123', 'Escazú', '10201', '456789012', 13),
(14,'Calle Real 234', 'Zona 1', '01001', '567890123', 14),
(15,'Blvd. Morazán 567', 'El Centro', '11101', '678901234', 15),
(16,'Av. Roosevelt 890', 'San Jacinto', '50301', '789012345', 16),
(17,'Calle Central 234', 'Altamira', '11001', '890123456', 17),
(18,'Calle 23 #45', 'Vedado', '10400', '901234567', 18),
(19,'Av. Abraham Lincoln 678', 'Piantini', '10101', '234567890', 19),
(20,'Calle Fortaleza 789', 'Viejo San Juan', '00901', '345678901', 20);